url,domain,confidence,analysis_method,explanation,compliance_issues,rule_matches,action_needed,priority,timestamp
https://www.1822direkt.de/ratgeber/detail/kuenstliche-intelligenz-aktien-als-anlagetrend/,1822direkt.de,0.8,fallback,"The provided context is very limited and does not contain enough information to make a definitive compliance determination. The mention of Admiral Markets appears to just be a link without any claims or offers. However, since the full context is not available, it would be prudent to have a human review the full article to ensure there are no compliance issues in the parts that are not visible here.",,0,Urgent review - likely blacklist,HIGH,2025-05-27T15:29:17.793829
https://admiralcapitals.net/privacy-policye915.html?regulator=jsc,admiralcapitals.net,0.8,fallback,"While the content mentions comparing Admiral Markets favorably to other brokers, there are no obvious compliance issues or unauthorized claims. However, the unusual URL and fragmented nature of the content raises questions about the legitimacy and intent of the page that warrant further review.","Unusual URL with seemingly random characters like 'e915', Disjointed, incomplete sentences in the content suggest low quality or auto-generated text, Lack of clear context about the purpose and authorship of the page",0,Urgent review - likely blacklist,HIGH,2025-05-27T15:29:17.793675
https://admiralmarket.net/metatrader-se.html,admiralmarket.net,0.8,fallback,"While the content mentions Admiral Markets in a generally positive light, referring to the broker as reliable with competitive spreads and a user-friendly platform, the domain admiralmarket.net does not appear to be an official Admiral Markets website. This unauthorized representation of the Admiral Markets brand warrants further review to determine the site's relationship to the company and the accuracy of its claims.","Potential false representation - admiralmarket.net may be falsely claiming association with Admiral Markets, Possible unauthorized offers - any specific claims about Admiral Markets' spreads and platform need to be verified, Inappropriate comparison to other brokers without substantiation",0,Urgent review - likely blacklist,HIGH,2025-05-27T15:29:17.793809
https://citibuildersny.com/finansovye-novosti/obzor-foreks-brokera-finmaxfx/,citibuildersny.com,0.8,fallback,"The content mentions Admiral Markets but does not provide enough context to determine if there are compliance issues. The links to Admiral Markets articles on forex forums and discussions of fixed vs. market spreads do not raise immediate red flags, but more context is needed to fully evaluate the nature of the mentions and ensure no misleading claims or inappropriate associations are being made.",,0,Urgent review - likely blacklist,HIGH,2025-05-27T15:29:17.793687
https://ricsac.com.pe/obzor-i-otzyvy-trejderov-o-freshforex/,com.pe,0.8,fallback,"The content mentions Admiral Markets but the context is unclear. It appears to be discussing stop loss orders and links to an Admiral Markets article on Russian forums. However, without more context it's difficult to determine if there are any compliance issues. The fragmented nature of the text snippets raises some concerns.","Insufficient context to fully evaluate compliance, Fragmented mentions of Admiral Markets raises questions about how the brand is being represented",0,Urgent review - likely blacklist,HIGH,2025-05-27T15:29:17.793446
https://ricsac.com.pe/stop-loss/,com.pe,0.8,fallback,"The content is not in English, which makes it difficult to fully evaluate for compliance issues without translation. The mentions of Admiral Markets appear to just be links to educational articles on the Admiral Markets website, which by itself is not necessarily problematic. However, without understanding the full context of the article, it's hard to determine if there are any misleading claims or inappropriate associations being made. To err on the side of caution, this should be manually reviewed by someone who can read the language and evaluate the content more thoroughly.",,0,Urgent review - likely blacklist,HIGH,2025-05-27T15:29:17.793451
https://cristicristi.ro/77777.htm,cristicristi.ro,0.8,fallback,"The content mentions Admiral Markets alongside other financial services companies without providing much context. While there are no obvious compliance issues, the lack of detail makes it difficult to fully assess the nature of the mention and whether it is fully compliant.",Insufficient context to determine if the mention of Admiral Markets is fully compliant with regulations and brand guidelines,0,Urgent review - likely blacklist,HIGH,2025-05-27T15:29:17.793392
https://egnatia.ca/monah-i-bes-fil%D1%8Cm-2016/,egnatia.ca,0.8,fallback,"The content appears to be in Russian and mentions Admiral Markets in the context of a link to an educational forex analysis article. Without being able to fully understand the surrounding context in Russian, it's difficult to determine if there are any compliance issues. The link itself does not raise immediate red flags, but a human review of the full Russian content is recommended to ensure it complies with guidelines.",,0,Urgent review - likely blacklist,HIGH,2025-05-27T15:29:17.793343
https://finex.cz/recenze/admiral-markets/,finex.cz,0.8,fallback,"The content appears to be a review of Admiral Markets, now known as Admirals, on a Czech financial website. While it does not contain any obvious compliance issues, a few aspects warrant further review. The mention of Admiral Markets offering both ECN and market maker execution should be verified. The comparison of different account types also needs to be checked for accuracy. Overall, the content seems generally factual but a full review is recommended to ensure all details are compliant.","Verify accuracy of statement about Admiral Markets offering ECN and market maker execution, Review details about different account type comparisons for accuracy and compliance",0,Urgent review - likely blacklist,HIGH,2025-05-27T15:29:17.793816
https://pooshakeform.ir/blog/2022/06/01/luchshij-broker-dlja-zhitelej-ssha/,pooshakeform.ir,0.8,fallback,"The content mentions Admiral Markets but the context is unclear. The mentions are within URLs that link to an Admiral Markets article about Russian forums, but no other context is provided about how Admiral Markets is being represented or discussed. Without more surrounding text, it's difficult to determine if there are any compliance issues.","Insufficient context to evaluate compliance, Unable to determine nature of Admiral Markets mentions",0,Urgent review - likely blacklist,HIGH,2025-05-27T15:29:17.793286
https://sexshopfantasy.cl/2021/12/29/oblachnyj-majning-kran/,sexshopfantasy.cl,0.8,fallback,"The content appears to be in Russian and mentions Admiral Markets in the context of cloud mining and forex forums. However, without a full translation and more context, it's difficult to determine if there are any serious compliance issues. The mentions of cloud mining and forex forums alongside the Admiral Markets brand warrants further review to ensure there is no misleading association or unauthorized offers.","Potential misleading association between Admiral Markets and cloud mining, Unclear context of Admiral Markets mentions in relation to forex forums",0,Urgent review - likely blacklist,HIGH,2025-05-27T15:29:17.793465
https://tradingforex.eu/forex-trading/,tradingforex.eu,0.8,fallback,"The content positively mentions Admiral Markets and its trading platform. However, the claim that Admiral Markets was found to be 'reliable for forex trading' could be seen as an unauthorized endorsement, depending on the relationship between the website and Admiral Markets. The mention of 'competitive spreads' also needs to be verified. Overall, the content requires further review to determine compliance.","Potential unauthorized endorsement of Admiral Markets, Claim about competitive spreads needs verification",0,Urgent review - likely blacklist,HIGH,2025-05-27T15:29:17.793669
https://visioneconomica.net/inversion-en-metales-una-aventura-financiera/,visioneconomica.net,0.8,fallback,"The content appears to be an article discussing investing in metals, with a link to an Admiral Markets educational article. While the Admiral Markets link seems legitimate, more context is needed to fully evaluate the compliance of the article's claims and recommendations.","Potential issue: Article may make exaggerated claims about metal investing without proper risk disclosures, Potential issue: Incomplete context to assess if article misrepresents relationship with Admiral Markets",0,Urgent review - likely blacklist,HIGH,2025-05-27T15:29:17.793337
https://admiralcapitals.net/index.html,admiralcapitals.net,0.7,fallback,"The content mentions Admiral Markets in a generally positive light, noting competitive spreads and a user-friendly platform. However, the site 'admiralcapitals.net' does not appear to be an official Admiral Markets website, so there is a risk it could be falsely representing a connection. The promise of finding Admiral Markets 'reliable' borders on an exaggerated claim. Without more context, it's unclear if this represents the brand appropriately.","Potential false representation - admiralcapitals.net may be implying a false connection to Admiral Markets, Possible exaggerated claims around the reliability of Admiral Markets for trading",0,Review compliance issues,MEDIUM,2025-05-27T15:29:17.793797
https://almufakira.net/forex-101-free-online-forex-trading-course/,almufakira.net,0.6,fallback,"The content mentions AdmiralMarkets offering competitive spreads and a user-friendly platform. However, the limited context makes it difficult to fully assess compliance. The claim about competitive spreads should be verified. More context is needed to determine if the mention is simply informational or if there are unauthorized offers or misleading claims being made.","Insufficient context to fully evaluate compliance, Claim about competitive spreads needs verification",0,Review compliance issues,MEDIUM,2025-05-27T15:29:17.793728
https://www.alphamargins.com/index.html,alphamargins.com,0.7,fallback,"The content positively mentions Admiral Markets as a reliable forex broker with competitive spreads and a user-friendly platform. However, the endorsement of a specific broker warrants further review to ensure no unauthorized offers or exaggerated claims are being made.","Potential unauthorized endorsement of Admiral Markets, Possible exaggerated claims about broker reliability and platform",0,Review compliance issues,MEDIUM,2025-05-27T15:29:17.793763
https://alphastrategicgrowth.com/es/las-mejores-tecnicas-de-forex-que-no-te-puedes-perder/,alphastrategicgrowth.com,0.6,fallback,"The content mentions AdmiralMarkets in a generally positive light, describing the platform as user-friendly and reliable for forex trading. However, there are no obvious compliance issues or unauthorized claims. The limited context makes a definitive assessment difficult, so human review is recommended to ensure the full content meets guidelines.",,0,Review compliance issues,MEDIUM,2025-05-27T15:29:17.793625
https://alphastrategicgrowth.com/ja/%E8%A6%8B%E9%80%83%E3%81%9B%E3%81%AA%E3%81%84%E3%83%88%E3%83%83%E3%83%97fx%E3%83%86%E3%82%AF%E3%83%8B%E3%83%83%E3%82%AF/,alphastrategicgrowth.com,0.6,fallback,"The content mentions Admiral Markets in a generally positive light as a reliable forex trading platform. However, the limited context makes it difficult to fully assess compliance. The mention of 'detailed guides and tutorials' could potentially contain misleading information or inappropriate marketing tactics, but more context is needed to make that determination.","Insufficient context to fully evaluate compliance, Possibility of misleading guides/tutorials that require further review",0,Review compliance issues,MEDIUM,2025-05-27T15:29:17.793595
https://baswiss.net/types-de-trading/,baswiss.net,0.6,fallback,"The provided context is too limited to make a definitive compliance assessment. While the mention of comparing AdmiralMarkets to other brokers based on fees, platform reliability, and customer support seems neutral, more context is needed to rule out any potential compliance issues or misrepresentations.",,0,Review compliance issues,MEDIUM,2025-05-27T15:29:17.793584
https://www.bourseensemble.com/combien-gagne-un-trader-a-domicile/,bourseensemble.com,0.6,fallback,The provided context is very limited and only contains a URL mentioning Admiral Markets along with some other trading related URLs. There is not enough information to determine if the full article content complies with regulations or represents the Admiral Markets brand appropriately. A manual review of the complete article content at the source URL is recommended to make a proper compliance assessment.,,0,Review compliance issues,MEDIUM,2025-05-27T15:29:17.793914
https://brokery-otzovik.com/%D0%BE%D1%82%D0%B7%D1%8B%D0%B2%D1%8B-%D0%B8-%D0%B8%D0%BD%D1%84%D0%BE%D1%80%D0%BC%D0%B0%D1%86%D0%B8%D1%8F-admiral-markets-2023/,brokery-otzovik.com,0.7,fallback,"The content appears to be a review or informational page about Admiral Markets, but there is not enough context provided to make a definitive compliance determination. The mentions of Admiral Markets include basic company information like the website URL and address, which do not raise immediate compliance red flags. However, without seeing the full content and claims made on the page, it's difficult to fully assess potential compliance issues. The page should be manually reviewed to check for any misleading information, unauthorized offers, improper comparisons to other brokers, or other content that may violate regulations or brand guidelines.",,0,Review compliance issues,MEDIUM,2025-05-27T15:29:17.793506
https://canadianpurehealth.ca/2022/08/22/promokody-i-bonusy-forex-club/,canadianpurehealth.ca,0.7,fallback,"The limited context provided suggests the content may be promoting AdmiralMarkets in an unauthorized way by mentioning 'competitive spreads' and 'user-friendly platform'. However, more context is needed to make a definitive determination. The mention of 'promokody i bonusy' (promo codes and bonuses) is also potentially concerning if these offers are not officially sanctioned by AdmiralMarkets.","Possible unauthorized promotion of AdmiralMarkets platform and trading conditions, Mention of promo codes and bonuses that may not be approved offers from AdmiralMarkets",0,Review compliance issues,MEDIUM,2025-05-27T15:29:17.793642
https://cbtrading.es/elementor-525,cbtrading.es,0.7,fallback,"The content positively mentions Admiral Markets as a reliable forex broker with competitive spreads and a user-friendly platform. However, it's unclear if this is an authorized endorsement or an objective review. The mention of comparing Admiral Markets to other brokers also warrants further review to ensure no misleading comparisons are being made.","Unclear if endorsement of Admiral Markets is authorized, Comparison to other brokers needs review for accuracy and fairness",0,Review compliance issues,MEDIUM,2025-05-27T15:29:17.793601
https://citibuildersny.com/finansovye-novosti/luchshie-foreks-brokery/,citibuildersny.com,0.6,fallback,The content mentions Admiral Markets but does not provide enough context to determine if there are compliance issues. The links to Admiral Markets articles on Russian forums need further review to assess the nature of the content and any potential misrepresentation or unauthorized offers.,"Insufficient context to evaluate compliance, Links to Admiral Markets content on external forums need review",0,Review compliance issues,MEDIUM,2025-05-27T15:29:17.793647
https://globalfxgroup.co.uk/masterforexmarket/,co.uk,0.7,fallback,"The content mentions Admiral Markets in a generally positive light as a reliable forex trading platform. However, the limited context makes it difficult to fully assess compliance. A more thorough review of the full page content and the globalfxgroup.co.uk website is recommended to check for any misleading claims, unauthorized offers, or other compliance issues.","Insufficient context to fully evaluate compliance, Need to review full page content and globalfxgroup.co.uk website",0,Review compliance issues,MEDIUM,2025-05-27T15:29:17.793710
https://www.ogefx.com.br/curso/,com.br,0.6,fallback,"The content mentions Admiral Markets in the context of comparing brokers, but there is not enough information to determine if it is fully compliant. It notes that Admiral Markets has competitive spreads and a user-friendly platform, which could be seen as positive statements. However, without more context it's unclear if these claims are factual or exaggerated. The mention of considering factors like fees and reliability when comparing brokers seems neutral. Overall, a manual review of the full content is recommended to assess compliance.","Insufficient context to fully evaluate compliance, Potential for exaggerated claims about spreads and platform",0,Review compliance issues,MEDIUM,2025-05-27T15:29:17.793769
https://businessinsider.com.pl/kryptowaluty/handel-kryptowalutami,com.pl,0.6,fallback,"The provided context is very limited and does not contain enough information to make a definitive compliance assessment. The mention of Admiral Markets is just a URL without any surrounding text to evaluate the nature of the reference. It's unclear if the article is making any claims, offers or representations about Admiral Markets that could be problematic.",,0,Review compliance issues,MEDIUM,2025-05-27T15:29:17.793883
https://businessinsider.com.pl/kryptowaluty/jak-kupic-polkadot,com.pl,0.6,fallback,"The content mentions Admiral Markets in the context of providing information about Polkadot cryptocurrency. However, there is not enough surrounding context to determine if the article is fully compliant or accurately represents Admiral Markets. A manual review of the full article is recommended to check for any misleading claims, unauthorized offers, or other compliance issues.",,0,Review compliance issues,MEDIUM,2025-05-27T15:29:17.793889
https://www.cryptoplanreviews.com/what-does-a-crypto-trader-do,cryptoplanreviews.com,0.7,fallback,"The content mentions Admiral Markets in a positive light as a reliable forex trading platform. However, there are no obvious compliance issues or unauthorized claims. A review is recommended to ensure the comparison to other brokers is fair and factual.",Potential issue with broker comparison - claims should be verified,0,Review compliance issues,MEDIUM,2025-05-27T15:29:17.793577
https://dayslinkequipment.com/skol%D1%8Cko-nuzhno-deneg-chtoby-nachat%D1%8C-torgovat%D1%8C-na/,dayslinkequipment.com,0.6,fallback,"The provided content is in Russian and appears to be discussing Forex trading and wave analysis. It includes two links to Admiral Markets educational articles. Without being able to fully understand the context and claims being made, it's difficult to determine if there are any compliance issues. The content should be reviewed by someone fluent in Russian to assess if it is making any misleading claims or unauthorized offers in relation to Admiral Markets.",,0,Review compliance issues,MEDIUM,2025-05-27T15:29:17.793494
https://estilistasonline.com/2021/11/03/rejting-brokerov-foreks-2018/,estilistasonline.com,0.6,fallback,"The provided context is very limited and does not give enough information to make a definitive compliance determination. The mentions of Admiral Markets appear to be links to educational articles on forex analysis and Russian forums, which by themselves do not raise obvious compliance red flags. However, without seeing the full context of how Admiral Markets is represented on this page, it's difficult to rule out potential issues. A manual review of the full page content is recommended to assess the overall context and identify any misleading claims, unauthorized offers, or other compliance problems.",,0,Review compliance issues,MEDIUM,2025-05-27T15:29:17.793319
https://www.eubizsources.com/forex-news/page/1565/,eubizsources.com,0.7,fallback,"The content mentions Admiral Markets in the context of a broker comparison. While it states Admiral Markets is 'reliable', it's unclear if this represents an unauthorized endorsement or if the comparison is fair and factual. More context is needed to determine if there are compliance issues.","Potential unauthorized endorsement of Admiral Markets, Insufficient context to evaluate fairness of broker comparison",0,Review compliance issues,MEDIUM,2025-05-27T15:29:17.793571
https://www.eubizsources.com/forex-news/page/1614/,eubizsources.com,0.6,fallback,"The content mentions Admiral Markets in a neutral to positive way, highlighting competitive spreads and a user-friendly platform. However, there is not enough context to fully determine if the content is compliant. More information is needed about what specific claims are being made and how Admiral Markets is being compared to other brokers.","Insufficient context to evaluate full compliance, Need to review claims about competitive spreads, Need to review how Admiral Markets is compared to other brokers",0,Review compliance issues,MEDIUM,2025-05-27T15:29:17.793630
https://www.eubizsources.com/forex-news/page/1658/,eubizsources.com,0.6,fallback,"The content mentions AdmiralMarkets in a positive light, highlighting competitive spreads and a user-friendly platform. However, the snippet is very short and lacks full context to make a definitive compliance assessment. More information is needed to determine if any misleading claims, unauthorized offers, or other compliance issues are present.",,0,Review compliance issues,MEDIUM,2025-05-27T15:29:17.793664
https://www.eubizsources.com/stocks-news/page/1060/,eubizsources.com,0.7,fallback,"The content mentions Admiral Markets in the context of a broker comparison. While it states that Admiral Markets was found to be reliable, the limited context makes it difficult to determine if there are any misleading claims or exaggerations. A full review of the content is recommended to ensure compliance.","Potential for misleading claims - stating a broker was 'found to be reliable' without sufficient justification, Incomplete information - the snippet is cut off and does not provide the full context of the comparison or claims made",0,Review compliance issues,MEDIUM,2025-05-27T15:29:17.793681
http://www.expressinvest.ru/,expressinvest.ru,0.7,fallback,"The content mentions Admiral Markets in a generally positive way, describing their platform as user-friendly and reliable for forex trading. However, there are no obvious compliance issues or unauthorized claims. The limited context makes a definitive assessment difficult, so human review is recommended to fully vet the content.",,0,Review compliance issues,MEDIUM,2025-05-27T15:29:17.793752
https://www.fea-trading.com/blog/,fea-trading.com,0.6,fallback,"The content mentions Admiral Markets in a generally positive light as a reliable forex trading platform. However, without more context it's unclear if the site is authorized to promote Admiral Markets or if their endorsement is fully compliant. The mention of 'detailed guides and tutorials' also needs review to ensure the information is accurate and compliant.","Unclear if website is authorized to promote Admiral Markets, Guides and tutorials need review for accuracy and compliance",0,Review compliance issues,MEDIUM,2025-05-27T15:29:17.793786
https://financialedifyhindi.com/learn-forex-trading-step-by-step-in-hindi/,financialedifyhindi.com,0.7,fallback,"The content appears to be an educational article about using RSI indicators for technical analysis in forex trading. While it mentions Admiral Markets, it does not make any misleading claims or unauthorized offers. However, the article is in Hindi and would require further review by someone fluent in the language to fully assess compliance.","Content is in Hindi and requires review by Hindi speaker to evaluate full context and meaning, Mention of Admiral Markets should be reviewed to ensure it does not falsely imply endorsement or partnership",0,Review compliance issues,MEDIUM,2025-05-27T15:29:17.793421
https://financialedifyhindi.com/technical-analysis-in-hindi/,financialedifyhindi.com,0.7,fallback,"The content appears to be an educational article about technical analysis and the RSI indicator. While it mentions Admiral Markets, it does not seem to make any misleading claims or unauthorized offers. However, the mention of Admiral Markets should be reviewed to ensure it does not falsely imply endorsement or partnership.",Potential false representation of relationship with Admiral Markets,0,Review compliance issues,MEDIUM,2025-05-27T15:29:17.793415
https://forex-fraude.com/admiral-markets/,forex-fraude.com,0.6,fallback,"The limited context provided suggests the content may be a review of Admiral Markets. However, without more context it's difficult to determine if the review is making any misleading claims or violating compliance guidelines. The mention of positive reviews could be interpreted as an endorsement, but more context is needed.",Potential unauthorized endorsement - positive reviews mentioned without full context,0,Review compliance issues,MEDIUM,2025-05-27T15:29:17.793439
https://forexmarketratings.com/brokers/overview-of-exness-2024/,forexmarketratings.com,0.7,fallback,"While the content mentions Admiral Markets in a generally positive light, saying it is reliable for forex trading with competitive spreads, there are not enough details to fully evaluate compliance. The brief mentions lack context to determine if any misleading claims, unauthorized offers, or other compliance issues are present.","Insufficient context to fully evaluate compliance, Potential issue: Claiming Admiral Markets is 'reliable' without substantiation",0,Review compliance issues,MEDIUM,2025-05-27T15:29:17.793636
https://forextradingsolutions.info/brokers-category/broker-reviews/,forextradingsolutions.info,0.7,fallback,"The content appears to be a broker review of Admiral Markets on a third-party forex trading site. While it links directly to an Admiral Markets partner URL, suggesting it may be a legitimate affiliate, the limited context makes it difficult to fully assess compliance. The mention of 'Read more' suggests there may be additional content that needs evaluation to determine if there are any misleading claims, unauthorized offers, or other compliance issues.",,0,Review compliance issues,MEDIUM,2025-05-27T15:29:17.793488
https://www.fxeye777.com/zh-cn/dealer/0361967978.html,fxeye777.com,0.7,fallback,"While the content mentions Admiral Markets in a generally positive light, comparing its offerings to other brokers, there is not enough context to fully determine compliance. The fragments do not contain any obvious compliance issues, but the full content should be reviewed to assess the nature of the comparisons and claims being made about Admiral Markets.",,0,Review compliance issues,MEDIUM,2025-05-27T15:29:17.793803
https://karollbroker.bg/bg/copytrading,karollbroker.bg,0.7,fallback,"The content appears to be comparing the copy trading offerings of eToro and Admiral Markets. While it doesn't seem to contain blatantly misleading information, unauthorized offers, or regulatory issues, a more thorough review of the full context is needed to determine if the comparisons are fair and factual. The mentions of Admiral Markets are brief and lack sufficient context to make a definitive compliance determination.","Insufficient context to fully evaluate comparisons between eToro and Admiral Markets copy trading services, Need to verify accuracy of spreads and specifications referenced from etoro.com and admiralmarkets.com",0,Review compliance issues,MEDIUM,2025-05-27T15:29:17.793847
https://kenhdaututot.com/danh-gia-chi-tiet-san-admiral-markets/,kenhdaututot.com,0.7,fallback,"The content appears to be a review of Admiral Markets, comparing it to other brokers based on factors like fees, platform reliability, and customer service. While it mentions Admiral Markets in a generally positive light, calling the platform user-friendly and reliable, more context is needed to fully evaluate compliance. The mentions of 'competitive spreads' and claims about platform reliability would need to be verified. Without seeing the full review, it's difficult to determine if there are any misleading claims, exaggerated statements, or content that violates regulations.","Insufficient context to fully evaluate compliance, Claims about competitive spreads and platform reliability need verification",0,Review compliance issues,MEDIUM,2025-05-27T15:29:17.793780
https://kinhdoanhngoaihoi.com/danh-gia-chi-tiet-san-admiral-markets/,kinhdoanhngoaihoi.com,0.65,fallback,Mock analysis: Website https://kinhdoanhngoaihoi.com/danh-gia-chi-tiet-san-admiral-markets/ requires human review to determine compliance.,"Uncertain reference to Admiral Markets' services, Context is ambiguous",0,Review compliance issues,MEDIUM,2025-05-27T15:29:17.793740
https://myfxtrading.online/?p=5650,myfxtrading.online,0.7,fallback,"While the content mentions comparing AdmiralMarkets favorably to other brokers and finding their platform reliable, there is not enough context to fully evaluate compliance. The mention of 'guides and tutorials' could potentially contain unauthorized offers or misleading claims. A full review of the linked content is recommended to assess compliance.","Insufficient context to determine full compliance, Linked guides and tutorials need review for potential unauthorized offers or misleading claims",0,Review compliance issues,MEDIUM,2025-05-27T15:29:17.793722
https://n26.com/fr-fr/blog/trading-automatique,n26.com,0.6,fallback,"The provided content snippets are incomplete and lack sufficient context to make a definitive compliance determination. The mentions of Admiral Markets appear to be links, possibly referencing educational articles about automated trading software. However, without reviewing the full content of the linked pages, it's difficult to assess if there are any misleading claims, unauthorized offers, or other compliance issues. The surrounding content also needs further review to understand the full context.",,0,Review compliance issues,MEDIUM,2025-05-27T15:29:17.793853
https://www.next-ea.com/trading-ea,next-ea.com,0.7,fallback,"The content mentions Admiral Markets and links to an article on their website about financial markets. However, there is not enough context provided to determine if the overall content of the page complies with regulations or represents Admiral Markets accurately. The truncated text after the link suggests the page may discuss how to trade in financial markets using a computer, but more information is needed to assess compliance.","Insufficient context to fully evaluate regulatory compliance, Unclear if trading methods discussed are appropriate/compliant",0,Review compliance issues,MEDIUM,2025-05-27T15:29:17.793349
https://nitratextile.com/al%D1%8Cpari-foreks-broker/,nitratextile.com,0.6,fallback,"The content mentions Admiral Markets but does not provide enough context to determine if there are compliance issues. The links to Admiral Markets educational articles could be legitimate, but without reviewing the full content it's unclear if there are any misleading claims or inappropriate associations being made.","Insufficient context to fully evaluate compliance, Potential issue: Links to Admiral Markets could be misrepresenting relationship or making unauthorized claims, but not enough information provided to determine this",0,Review compliance issues,MEDIUM,2025-05-27T15:29:17.793482
https://nldbroker.com/admiralmarket-vs-eaglefx/,nldbroker.com,0.6,fallback,"The provided content snippet is too short to make a definitive compliance determination. While it mentions that AdmiralMarkets offers competitive spreads and a user-friendly platform, more context is needed to assess if there are any misleading claims, unauthorized offers, false representations, or regulatory issues. The cut-off sentence at the end also makes it difficult to fully evaluate the content.",,0,Review compliance issues,MEDIUM,2025-05-27T15:29:17.793792
https://pcbtradingservices.store/finmaxfx-otzyvy-o-foreks-brokere/,pcbtradingservices.store,0.6,fallback,"The content mentions Admiral Markets and links to an Admiral Markets URL, but there is not enough context provided to determine if the content is compliant or accurately represents the brand. The surrounding text is in Russian and would need to be translated and reviewed more thoroughly to assess any potential compliance issues.",,0,Review compliance issues,MEDIUM,2025-05-27T15:29:17.793477
https://positivetrader.org/author/gestor,positivetrader.org,0.7,fallback,"The content mentions Admiral Markets in a generally positive light, suggesting they are a reliable forex broker. However, the comparison with other brokers is incomplete and could be seen as an endorsement. More context is needed to fully evaluate compliance.","Incomplete comparison with other brokers, which could be misleading, Potential unauthorized endorsement, depending on the full context",0,Review compliance issues,MEDIUM,2025-05-27T15:29:17.793704
https://www.rahaasjad.ee/tesla-aktsia-ulevaade/,rahaasjad.ee,0.6,fallback,"The limited context provided does not contain enough information to determine if there are any serious compliance issues with how Admiral Markets is mentioned or represented. The URL suggests the page may contain an overview of Tesla stock, but without reviewing the full content it's unclear if there are any misleading claims, unauthorized offers, false representations or regulatory issues. Human review of the full page content is recommended to make a proper compliance assessment.",,0,Review compliance issues,MEDIUM,2025-05-27T15:29:17.793858
https://reviewsanfx.com/forex-broker/,reviewsanfx.com,0.7,fallback,"The content mentions Admiral Markets in a generally positive light, noting competitive spreads and a user-friendly platform. However, the limited context makes it difficult to fully assess compliance. The comparison to other brokers and mention of 'traders of all levels' could potentially be seen as exaggerated claims depending on the full context. Human review is recommended to ensure the content does not contain any misleading information or inappropriate marketing tactics upon further inspection.","Potential exaggerated claims around suitability for 'all levels' of traders, Insufficient context to fully evaluate compliance",0,Review compliance issues,MEDIUM,2025-05-27T15:29:17.793692
https://sanjeshbroker.com/islamic-forex-account/,sanjeshbroker.com,0.6,fallback,"The content appears to be in a foreign language, likely Persian/Farsi based on the URL and text. It mentions Admiral Markets and links to an admiralmarkets.com URL about Islamic Forex trading accounts. However, without being able to fully understand the context and claims being made, it's difficult to determine if there are any compliance issues. The mention of Islamic Forex accounts warrants further review to ensure the information is accurate and compliant.","Foreign language content mentioning Admiral Markets needs translation for full evaluation, Islamic Forex account discussion requires verification of accuracy and compliance",0,Review compliance issues,MEDIUM,2025-05-27T15:29:17.793355
https://sanuytinonline.com/san-forex-uy-tin/,sanuytinonline.com,0.7,fallback,"While the content mentions AdmiralMarkets in a generally positive light as a reliable forex broker, there are not enough details provided to fully assess compliance. The brief mentions lack context to determine if any misleading claims, unauthorized offers, or other compliance issues are present.","Insufficient information to evaluate full compliance, No details on specific claims made about AdmiralMarkets platform and services",0,Review compliance issues,MEDIUM,2025-05-27T15:29:17.793698
https://stockwart.com/trading-kaise-sikhe/,stockwart.com,0.7,fallback,"The content mentions Admiral Markets in a generally positive way, comparing it favorably to other brokers in terms of fees, platform, and service. However, the claims about Admiral Markets being 'reliable for forex trading' based on the site's review require further verification to ensure accuracy and avoid potentially misleading statements. The mention of reviewing 'several trading platforms including Admiral Markets' is also vague and needs more context.","Claim about Admiral Markets platform reliability needs verification, Vague reference to reviewing 'several trading platforms' lacks specificity",0,Review compliance issues,MEDIUM,2025-05-27T15:29:17.793589
https://sumyourtax.com/el/misthodosia-upallhlou/,sumyourtax.com,0.7,fallback,"The page contains multiple banner ads linking to an Admiral Markets partner site. While the ads themselves do not appear to make any misleading claims, the high number of ads and prominent placement warrants a manual review to ensure the site is not misrepresenting its relationship with Admiral Markets or using the ads in a potentially misleading way.","High number of Admiral Markets banner ads may misrepresent relationship, Prominent ad placement could be seen as endorsement without proper disclosures",0,Review compliance issues,MEDIUM,2025-05-27T15:29:17.793380
https://tdiamondstores.com/deriv-binary/,tdiamondstores.com,0.7,fallback,"While the content mentions Admiral Markets in a generally positive light, comparing it favorably to other forex brokers, there are no obvious compliance issues or unauthorized claims. However, the limited context makes it difficult to fully assess the nature of the comparisons and whether they are factual and compliant. A more thorough review of the full content and messaging is recommended to ensure it meets all guidelines.",,0,Review compliance issues,MEDIUM,2025-05-27T15:29:17.793653
https://top10-forexbrokers.com/iq-option-review/,top10-forexbrokers.com,0.7,fallback,"The content mentions AdmiralMarkets in a generally positive light, describing the platform as user-friendly and reliable for forex trading. However, the mentions are brief and lack specifics. The comparison to other brokers is vague. More context is needed to fully evaluate compliance.","Lacks details on what specific factors were considered to deem AdmiralMarkets 'reliable', No disclaimers about risks of trading or that past performance doesn't guarantee future results, Vague, unsubstantiated comparison to other brokers in the industry",0,Review compliance issues,MEDIUM,2025-05-27T15:29:17.793774
https://top10-forexbrokers.com/top-10-forex-brokers-in-azerbaijan-2-2/,top10-forexbrokers.com,0.6,fallback,"The content mentions Admiral Markets in a generally positive light, highlighting competitive spreads and a user-friendly platform. However, without more context it's difficult to determine if any specific claims are being made that could be misleading or violate regulations. The mention of comparing Admiral Markets to other brokers warrants a closer review to ensure no inappropriate comparisons or claims are being made.","Insufficient context to fully evaluate regulatory compliance, Comparison to other brokers mentioned - check for misleading claims or representations",0,Review compliance issues,MEDIUM,2025-05-27T15:29:17.793607
https://top10-forexbrokers.com/top-10-forex-brokers-in-kazakhstan-2/?lang=es,top10-forexbrokers.com,0.7,fallback,"The content mentions AdmiralMarkets in a positive light, highlighting competitive spreads and a user-friendly platform. However, without more context it's difficult to determine if the claims are factual or potentially misleading. The incomplete sentences also raise questions about the quality and intent of the content.","Possible misleading claims about competitive spreads and platform suitability for all levels of traders, Grammatical issues and incomplete sentences suggest low-quality or automatically generated content",0,Review compliance issues,MEDIUM,2025-05-27T15:29:17.793619
https://top10-forexbrokers.com/top-10-forex-brokers-in-zambia/,top10-forexbrokers.com,0.7,fallback,"While the content mentions Admiral Markets in a generally positive light, there are not enough details provided to fully assess compliance. The phrases 'reliable for forex trading' and 'competitive spreads' could potentially be seen as exaggerated or misleading claims depending on the full context. A manual review of the complete article is recommended to make a final determination.","Potential for misleading claims ('reliable for forex trading', 'competitive spreads'), Insufficient context to fully evaluate compliance",0,Review compliance issues,MEDIUM,2025-05-27T15:29:17.793658
https://topbrokeragereviews.com/forex-broker-for-scalping/index.php,topbrokeragereviews.com,0.6,fallback,"The limited context provided makes it difficult to fully assess compliance. While the mention of 'skilled traders' and 'educational content' seems neutral, more context is needed to determine if there are any misleading claims, unauthorized offers, or other compliance issues. The 'Pros' and 'Cons' section is cut off, which could contain pertinent information. Human review of the full page content is recommended.",,0,Review compliance issues,MEDIUM,2025-05-27T15:29:17.793374
https://uktdom76.ru/2022/09/08/sposob-otkljuchit%D1%8C-dvojnuju-konvertaciju-paypal/,uktdom76.ru,0.6,fallback,"The content mentions Admiral Markets but the context is unclear. The title is about disabling double conversion on PayPal in 2019, which does not seem directly related to Admiral Markets. The mentions of Admiral Markets link to an article about Russian forums on the Admiral Markets site. More context is needed to determine if there are any compliance issues.",,0,Review compliance issues,MEDIUM,2025-05-27T15:29:17.793518
https://visioneconomica.net/guia-completa-de-trading-para-principiantes/,visioneconomica.net,0.6,fallback,"The limited context provided suggests the article is discussing investing in metals and links to an Admiral Markets educational article. However, without more context it's difficult to fully assess compliance. The mention of considering both short and long-term investments and diversification seems reasonable, but a full review of the article is needed to check for any misleading claims, exaggerated returns, or improper offers.",,0,Review compliance issues,MEDIUM,2025-05-27T15:29:17.793427
https://zahafx.com/2024/03/17/what-are-some-common-forex-trading-strategies/,zahafx.com,0.7,fallback,"While the content mentions Admiral Markets in a generally positive light, there are not enough details to fully determine compliance. The phrases 'competitive spreads' and 'user-friendly platform' could potentially be seen as exaggerated claims depending on the full context. Without seeing the complete article, it's difficult to assess if there are any unauthorized offers, misleading information, or other compliance issues. Human review of the full content is recommended.","Potential for exaggerated claims about spreads and platform ease-of-use, Insufficient context to fully evaluate compliance",0,Review compliance issues,MEDIUM,2025-05-27T15:29:17.793757
